F5C51251-8DF4-DB11-A846-00112FEC2331;Advisor Master/Alliance;NULL;leo
897A6E25-8DF4-DB11-A846-00112FEC2331;Aktion;http://www.eu.efg.cz/Products-Identification-Systems-The-AKTION-Identification-System.php;omír
CD96998A-734E-DE11-8C97-00155DFD0207;ANeT Guard;http://www.anet.info/systemy/pristupove-systemy/;arel
D3A9452C-BD57-E511-80F8-000C29DA063C;Aplex;NULL;NULL
9B63664F-4530-E511-80ED-000C29DA063C;APS;www.techfass.cz;jiří
4D3FCEA4-7C3A-E311-B468-000C2905C05F;ATEAS Security;NULL;andr
D9153B68-B4A0-E011-AD0B-00155DFD0207;ATS -Advanced;NULL;leo
405DEFB6-5383-42D1-8444-CDB7F179CF90;Avermedia;NULL;drej
DB482E88-3F40-E111-BC45-000C2905C05F;Avigilon Control Center 4;NULL;drej
245AF033-398E-E311-8EF5-000C2905C05F;Avigilon Control Center 5;NULL;drej
D29BB72C-1927-E111-8E17-00155DFD0207;Axis;NULL;ibor
B5E4B76F-F3F5-E311-9D69-000C2905C05F;Axis P8221;NULL;ibor
FB840B1D-7D22-DE11-8C97-00155DFD0207;BC216;NULL;reas
7B9302E5-BEA8-E111-9C3E-000C2905C05F;Bosch FPA5000;NULL;osef
EFEB2A62-BA86-E511-80FB-000C29DA063C;Bosch IIP Mode 2;NULL;omas
722923CD-B095-E011-BD28-00155DFD0207;BVMS 2;NULL;jan
1574829A-D260-E111-BC45-000C2905C05F;BVMS 3;NULL;jan
F87EFE02-A1EA-E111-9A7C-000C2905C05F;Cansec Hurricane;NULL;fred
803ED52E-AC1C-E411-A6DB-000C2905C05F;CenterMind;NULL;NULL
7621795A-D5EA-DC11-BF51-00112FEC2331;Cerloop;http://www.siemens.cz/siemjet/cz/home/sibt/fass/Main$pageletManager$ProductGroupProductList-openNode/16999.jet?nodeId=21841;chal
2C8D48FE-0C92-E211-87FD-000C2905C05F;ComWIN;NULL;rtin
1E227969-3104-E011-8F1B-00155DFD0207;Concept;http://www.innerrange.com/products.php?id=17;tim
FEFAC344-9103-E111-8E17-00155DFD0207;Cooper - Menvier CF3000/DF6000;NULL;ktor
F8F61D93-95CE-DE11-88BF-00155DFD0207;Cotag;http://www.bewator.com;jiří
211EC1F9-EEB3-E111-9C3E-000C2905C05F;CS_VG;http://www.magal-s3.com/perimeter_protection.html;avel
72737CC6-5DBE-E111-A775-000C2905C05F;cWatch;NULL;ivan
A7A02406-F493-E311-9662-000C2905C05F;Dahua;NULL;drej
D289D7C4-B95F-DD11-984F-00112FEC2331;Dallmeier;http://www.dallmeier-electronic.com/en/products-electronic/dvr-nvr.html;einz
D84C869E-6F61-E111-BC45-000C2905C05F;Dallmeier SeMSy;NULL;einz
066AEC5C-B618-E511-80EC-000C29DA063C;Dead man's switch;www.abbas.cz;NULL
6E26536D-E766-E311-8EF5-000C2905C05F;DedicatedMicros/NetVuHD;NULL;ales
0EF59822-A490-DD11-B393-00112FEC2331;DigiEye;NULL;uraj
CE63EB25-95A5-E111-9C3E-000C2905C05F;Digifort;NULL;ries
ED69DCBD-5B21-E511-80EC-000C29DA063C;Digifort 7;NULL;ries
A465B9FF-A1EA-E111-9A7C-000C2905C05F;Digimerge DH200;NULL;rtin
4669B29E-A296-DD11-B683-00112FEC2331;Digiplex 4;NULL;leo
2EF3EB34-5CE6-E311-8000-000C2905C05F;DIGISYS 111;NULL;uraj
C5DD1D61-C0D9-E311-90D0-000C2905C05F;Dinox;www.dinox.cz;avid
CB53D45B-92A8-E111-9C3E-000C2905C05F;DiSS;http://www.hdsas.sk/index.php?option=com_virtuemart&page=shop.browse&category_id=295;rtin
EF1874B2-AFF4-DB11-A846-00112FEC2331;DiSS (HDS);http://www.hdsas.sk/index.php?option=com_virtuemart&page=shop.browse&category_id=295;rtin
F06DD930-868C-E311-8EF5-000C2905C05F;DMP;NULL;avid
7C0656DE-FB73-DC11-B3AE-00112FEC2331;Dominus Millennium;http://www.abbas.cz/Default.asp?CatID=1274;ktor
71B3019A-8D5E-E211-AB52-000C2905C05F;DSC Maxsys/TL250;NULL;osef
ABFED5EA-29A0-E211-87FD-000C2905C05F;DSC Power;www.dsc.com;osef
ECFC3C43-817A-E111-BC45-000C2905C05F;DSC/FC500IP;NULL;osef
B4CA4DE8-4B79-E111-BC45-000C2905C05F;DSC/IT-100;www.dsc.com;osef
14E38C8A-4C79-E111-BC45-000C2905C05F;DSC/PC4401;NULL;osef
A36730FC-9048-E011-AF06-00155DFD0207;DUHAsys;NULL;petr
2BC7A758-AFF4-DB11-A846-00112FEC2331;DVMRe;NULL;leo
43F08467-AFF4-DB11-A846-00112FEC2331;DVSR xU;NULL;omas
2602DA6C-E7C4-E511-80FD-000C29DA063C;Eclipse;www.eclipsesurveillance.com;NULL
6C20CCDD-A70E-E511-80EB-000C29DA063C;Endura;http://www.pelco.com/sites/global/en/products/video-management-solutions/endura.page;iech
423ABDDB-F0B3-E111-9C3E-000C2905C05F;EnduraXpress;http://www.pelco.com/sites/global/en/products/video-management-solutions/endura.page;iech
0430FCA9-D881-E311-8EF5-000C2905C05F;EntraPass;NULL;cott
4B87BB77-8DF4-DB11-A846-00112FEC2331;Esser Mikromodul RS232/TTY;http://en.esser-systems.de/Fire.603+M5dd433f2db2.0.html;nter
07D96616-65DD-DD11-A10E-00155DFD0207;EsserSEI;http://en.esser-systems.de/Fire.603+M5dd433f2db2.0.html;nter
C76F9185-3B3E-DE11-8C97-00155DFD0207;Expert;http://www.tycoeurope.com/index.php?id=expert&L=10;ivan
F20DE031-2986-DD11-B393-00112FEC2331;FC330A;http://www.siemens.cz/siemjet/cz/home/sibt/firetech/16680/Main/25687.jet;chal
866893FA-280A-E211-AC92-000C2905C05F;FibroLaser III;NULL;slav
12AC6384-72E4-E511-80FD-000C29DA063C;Forbis Security;https://security.forbis.sk;NULL
1ACAE895-8EF4-DB11-A846-00112FEC2331;FP2000;NULL;leo
E234A3B2-AA2F-E311-A0F1-000C2905C05F;Galaxy RSC;http://www.honeywell-security.co.uk/galaxy.cfm;avel
CB28ECC4-8EF4-DB11-A846-00112FEC2331;Galaxy UNI1INT;http://www.honeywell-security.co.uk/galaxy.cfm;avel
E386A14C-7C22-DE11-8C97-00155DFD0207;GalaxyGxySmart;http://www.honeywell-security.co.uk/galaxy.cfm;avel
1871AA3B-9BDC-DD11-A10E-00155DFD0207;Ganitor;http://www.papouch.com/cz/shop/product/ganitor/;avel
24C5F795-4C62-DD11-B393-00112FEC2331;GeoVision;NULL;ilan
0AF9734A-0685-E311-8EF5-000C2905C05F;GeViScope;NULL;petr
9D7E3F45-C345-E111-BC45-000C2905C05F;GoldCard;NULL;slav
388A3323-50E9-E211-ABE8-000C2905C05F;GVD;NULL;arly
607652B1-4130-E511-80ED-000C29DA063C;Helios IP;www.2n.cz;NULL
399772E8-AA2F-E311-A0F1-000C2905C05F;HID;NULL;avel
875F3D08-EFF7-E111-9A7C-000C2905C05F;HIK Vision;NULL;hard
B24FC947-7135-E211-BB2A-000C2905C05F;HikVision-DS-7316/7308;NULL;hard
5FBF8157-7035-E211-BB2A-000C2905C05F;HikVision-DS-8632/8616/8608;NULL;hard
64C2047D-77C9-E411-889C-000C2905C05F;Hochiki-HFP-AP1/AP2;NULL;NULL
195A6FE5-8EF4-DB11-A846-00112FEC2331;HUB Pro;NULL;amil
D5A28C61-C370-E211-8FEC-000C2905C05F;IDIS;NULL;omáš
41349C8D-7C22-DE11-8C97-00155DFD0207;IDSIMA4-PRO;http://www.ima.cz/index.php?cat=systemy&page=k4&topnavi=k4&scroll=white;jiří
18E11002-B6B0-E111-9C3E-000C2905C05F;IndigoVision;http://www.indigovision.com/network-video-recorders;ther
65AF2BEB-A0E7-DD11-A10E-00155DFD0207;Intellex;http://www.tycoeurope.com/index.php?id=intellex&L=10;adim
1C3CC30E-8369-E411-BCC6-000C2905C05F;Intelli-M;http://www.infinias.com/access-control/;NULL
36F3D1A1-9977-E311-8EF5-000C2905C05F;Intellio;NULL;rján
FEB7B4CB-A0EA-E111-9A7C-000C2905C05F;Keyscan System VII;NULL;erek
DE8E1015-6F8D-E311-8EF5-000C2905C05F;KeyWatcher;NULL;ján
02A90898-DB17-E411-A6DB-000C2905C05F;Ksenia lares;NULL;rgio
42490A45-E074-DD11-B393-00112FEC2331;Lites MHU 109;http://www.lites.cz/index.php?action=2&kl=katalog/MHU%20109kac.php;arel
0C1D7AB7-D299-DC11-B89E-00112FEC2331;Lites MHU 110/111;http://www.lites.cz/index.php?action=2&kl=katalog/MHU%20109kac.php;arel
9238B8CD-8743-DD11-8A3C-00112FEC2331;Loop500;http://www.tycoeurope.com/index.php?id=loop&L=10;ivan
45DD3B78-5B74-E211-8FEC-000C2905C05F;Luxriot;NULL;andr
972E6C7F-AAC3-E311-BDA3-000C2905C05F;Luxriot/LPR;NULL;andr
E0D5A0FF-5A20-E311-A0F1-000C2905C05F;MAXPRO VMS;NULL;adim
923E7947-A0EA-E111-9A7C-000C2905C05F;Maxsys/KT4401VK;NULL;osef
A6C94696-0B92-E211-87FD-000C2905C05F;Metel LAN-RING switch;NULL;omáš
CB8E78A0-962E-E011-A45C-00155DFD0207;Milestone;NULL;nita
C6F8A2A7-6B75-E411-A9E0-000C2905C05F;Milestone/MIP;NULL;nita
B6D148E0-FC73-DC11-B3AE-00112FEC2331;Molekula;http://www.hdsas.sk/index.php?option=com_virtuemart&page=shop.browse&category_id=453;rtin
21273EA1-7251-E511-80F7-000C29DA063C;Notifier/ID3000;NULL;NULL
FFE4E3D3-41AB-E211-BBEE-000C2905C05F;Notifier/SIB600;NULL;NULL
3ED96FB8-86A0-E411-A069-000C2905C05F;NumberOK;NULL;NULL
0DD2D45A-9837-E211-BB2A-000C2905C05F;NX;NULL;leo
C787C17E-9B71-E111-BC45-000C2905C05F;Omnicast;NULL;uška
0459CF12-6BF0-E311-AD32-000C2905C05F;Orwell;NULL;eter
C814F34B-2A5E-E211-AB52-000C2905C05F;Panasonic Matrix WJ-SX 650;NULL;rtin
DF682473-2A5E-E211-AB52-000C2905C05F;Panasonic PS-API;NULL;rtin
A09C4161-D0A7-E511-80FB-000C29DA063C;Paradox EVO/IP150;www.paradox.com;NULL
B61E3A1D-95CC-E411-889C-000C2905C05F;Paradox/IP150;www.paradox.com;NULL
28541193-D4EA-DC11-BF51-00112FEC2331;Parker;http://www.villapro.sk/park.html;niel
1812BFCB-8AD7-E411-889C-000C2905C05F;Paxton;http://www.paxton-access.com/;NULL
1C54329F-A1C4-E311-BDA3-000C2905C05F;Pelco 97XX/Pelco-P;NULL;iech
3C31A136-D20E-DD11-BD2E-00112FEC2331;Peridect;http://www.sieza.com/;nand
616ABFA8-0C34-E411-A0C3-000C2905C05F;Peridect+;NULL;nand
9B7106B7-8B3F-E211-BB2A-000C2905C05F;PeriSYS;NULL;eter
DE4BC208-B35F-DD11-984F-00112FEC2331;POS Printer;NULL;NULL
BD6EB589-F800-E311-8769-000C2905C05F;Protec X400;NULL;hris
BA334EE8-83C6-E511-80FD-000C29DA063C;Samsung CCTV;NULL;mysl
D5431300-55FE-E111-9A7C-000C2905C05F;Samsung-NET-I-WARE;NULL;avid
08B94457-6EFB-E111-9A7C-000C2905C05F;Samsung-SRD-1650/850;NULL;avid
D3224206-9B7A-E111-BC45-000C2905C05F;Samsung-SRD-1670/870;NULL;avid
15223429-4903-E311-8769-000C2905C05F;Samsung-SRD-1673/1653/873;NULL;avid
E5223251-38FB-E111-9A7C-000C2905C05F;Samsung-SRN-1670/470;NULL;avid
3AB08A7C-FD73-DC11-B3AE-00112FEC2331;Sanyo;NULL;petr
FEAA6071-1A42-DF11-8035-00155DFD0207;Satel;http://www.satel.pl/en/cat/2#cat2;inik
BE09C576-FD0B-DF11-80DA-00155DFD0207;Schrack Integral;http://www.schrack-seconet.com/en/Produkte/FireAlarm/Brandmeldetechnik/index.jsp;rgen
F450C745-D2E4-E311-8000-000C2905C05F;Schrack/ISP-IP;http://www.schrack-seconet.com/en/Produkte/FireAlarm/Brandmeldetechnik/index.jsp;rgen
D8E70D00-9937-E211-BB2A-000C2905C05F;SeeTec;http://www.seetec.eu/software/seetec-cayuga/overview/;niel
01F8A47B-CE81-E311-8EF5-000C2905C05F;SeeTec Cayuga;http://www.seetec.eu/software/seetec-cayuga/overview/;niel
A800E774-F760-E011-85FD-00155DFD0207;Sick LMS1xx;NULL;slav
01083FDB-7C22-DE11-8C97-00155DFD0207;Sinteso - OPC Server MK8000;http://www.siemens.cz/siemjet/cz/home/sibt/fass/Main/22898.jet;chal
98271C23-D7D5-E311-9CDA-000C2905C05F;Sintony;NULL;NULL
4340FA51-ED6F-DE11-8664-00155DFD0207;Sony Ipela;http://en.tssgroup.sk/katalog/recorders;drej
C45D24B8-0245-E211-BB2A-000C2905C05F;Suprema;NULL;chal
4CBA146A-B592-E111-BC45-000C2905C05F;SurGard;NULL;osef
7E983D99-1C5E-E211-AB52-000C2905C05F;Surveon;NULL;ktor
159439D8-8CF4-DB11-A846-00112FEC2331;Symmetry;NULL;NULL
051CB0ED-1B49-E211-8182-000C2905C05F;Syncro AS;NULL;eter
768E50BF-739E-E111-9C3E-000C2905C05F;Tevis;NULL;jíří
816CE2B3-9E9B-E211-87FD-000C2905C05F;Texecom-ELITE-168/88/48;NULL;eter
9E70BC06-B87F-E411-A9E0-000C2905C05F;TruPortal;NULL;NULL
78E89DB8-4A1E-E011-A45C-00155DFD0207;TVR40;NULL;omas
998DABE9-4A1E-E011-A45C-00155DFD0207;TVR60;NULL;omas
C834B73A-DAA8-E211-BBEE-000C2905C05F;UTC TruVision Series;NULL;omas
A2269075-D381-E311-8EF5-000C2905C05F;UTC/2010-2;NULL;leo
93D3F279-C4C3-E311-BDA3-000C2905C05F;UTC/Advisor Advanced;NULL;leo
E887A695-C478-DD11-B393-00112FEC2331;Variodyn;http://en.esser-systems.de/Voice_Alarm_Systems.605+M53dfbb266f1.0.html;nter
45B4C6FE-ECBB-E311-95C4-000C2905C05F;VDG Sense;NULL;NULL
E3E7A276-DC81-E311-8EF5-000C2905C05F;Verex/SNAPP;NULL;leo
243F5766-2CE9-DD11-A10E-00155DFD0207;VirtualPort;NULL;NULL
0CFD5FF8-BBA7-E511-80FB-000C29DA063C;Vista 128BPT/250BPT;www.honeywell.com/security;NULL
0734FE42-68C9-E411-889C-000C2905C05F;Visual Tools;www.visual-tools.com;NULL
6420563C-7B3B-E311-B468-000C2905C05F;Wonderex-WDR-73XX/72XX;NULL;avid
551A95E6-1687-E211-A6BC-000C2905C05F;Wonderex-WNR-8632/8616/8608;http://www.wonderex.cz;avid
